,project,article,granularity,timestamp,access,agent,views
0,en.wikipedia,Bitcoin,daily,2020010100,all-access,all-agents,12716
1,en.wikipedia,Bitcoin,daily,2020010200,all-access,all-agents,12265
2,en.wikipedia,Bitcoin,daily,2020010300,all-access,all-agents,15018
3,en.wikipedia,Bitcoin,daily,2020010400,all-access,all-agents,8099
4,en.wikipedia,Bitcoin,daily,2020010500,all-access,all-agents,6024
5,en.wikipedia,Bitcoin,daily,2020010600,all-access,all-agents,8450
6,en.wikipedia,Bitcoin,daily,2020010700,all-access,all-agents,15005
7,en.wikipedia,Bitcoin,daily,2020010800,all-access,all-agents,14892
8,en.wikipedia,Bitcoin,daily,2020010900,all-access,all-agents,16008
9,en.wikipedia,Bitcoin,daily,2020011000,all-access,all-agents,12923
10,en.wikipedia,Bitcoin,daily,2020011100,all-access,all-agents,7131
11,en.wikipedia,Bitcoin,daily,2020011200,all-access,all-agents,15858
12,en.wikipedia,Bitcoin,daily,2020011300,all-access,all-agents,16539
13,en.wikipedia,Bitcoin,daily,2020011400,all-access,all-agents,17602
14,en.wikipedia,Bitcoin,daily,2020011500,all-access,all-agents,16450
15,en.wikipedia,Bitcoin,daily,2020011600,all-access,all-agents,7114
16,en.wikipedia,Bitcoin,daily,2020011700,all-access,all-agents,6076
17,en.wikipedia,Bitcoin,daily,2020011800,all-access,all-agents,7405
18,en.wikipedia,Bitcoin,daily,2020011900,all-access,all-agents,5926
19,en.wikipedia,Bitcoin,daily,2020012000,all-access,all-agents,6055
20,en.wikipedia,Bitcoin,daily,2020012100,all-access,all-agents,6343
21,en.wikipedia,Bitcoin,daily,2020012200,all-access,all-agents,6807
22,en.wikipedia,Bitcoin,daily,2020012300,all-access,all-agents,6236
23,en.wikipedia,Bitcoin,daily,2020012400,all-access,all-agents,5847
24,en.wikipedia,Bitcoin,daily,2020012500,all-access,all-agents,5058
25,en.wikipedia,Bitcoin,daily,2020012600,all-access,all-agents,4781
26,en.wikipedia,Bitcoin,daily,2020012700,all-access,all-agents,5561
27,en.wikipedia,Bitcoin,daily,2020012800,all-access,all-agents,6187
28,en.wikipedia,Bitcoin,daily,2020012900,all-access,all-agents,5904
29,en.wikipedia,Bitcoin,daily,2020013000,all-access,all-agents,6149
30,en.wikipedia,Bitcoin,daily,2020013100,all-access,all-agents,5802
31,en.wikipedia,Bitcoin,daily,2020020100,all-access,all-agents,4979
32,en.wikipedia,Bitcoin,daily,2020020200,all-access,all-agents,5268
33,en.wikipedia,Bitcoin,daily,2020020300,all-access,all-agents,5324
34,en.wikipedia,Bitcoin,daily,2020020400,all-access,all-agents,5800
35,en.wikipedia,Bitcoin,daily,2020020500,all-access,all-agents,6282
36,en.wikipedia,Bitcoin,daily,2020020600,all-access,all-agents,6024
37,en.wikipedia,Bitcoin,daily,2020020700,all-access,all-agents,6100
38,en.wikipedia,Bitcoin,daily,2020020800,all-access,all-agents,6136
39,en.wikipedia,Bitcoin,daily,2020020900,all-access,all-agents,6815
40,en.wikipedia,Bitcoin,daily,2020021000,all-access,all-agents,6760
41,en.wikipedia,Bitcoin,daily,2020021100,all-access,all-agents,7850
42,en.wikipedia,Bitcoin,daily,2020021200,all-access,all-agents,7157
43,en.wikipedia,Bitcoin,daily,2020021300,all-access,all-agents,7236
44,en.wikipedia,Bitcoin,daily,2020021400,all-access,all-agents,5676
45,en.wikipedia,Bitcoin,daily,2020021500,all-access,all-agents,5526
46,en.wikipedia,Bitcoin,daily,2020021600,all-access,all-agents,5675
47,en.wikipedia,Bitcoin,daily,2020021700,all-access,all-agents,6425
48,en.wikipedia,Bitcoin,daily,2020021800,all-access,all-agents,6467
49,en.wikipedia,Bitcoin,daily,2020021900,all-access,all-agents,14975
50,en.wikipedia,Bitcoin,daily,2020022000,all-access,all-agents,8107
51,en.wikipedia,Bitcoin,daily,2020022100,all-access,all-agents,8065
52,en.wikipedia,Bitcoin,daily,2020022200,all-access,all-agents,6544
53,en.wikipedia,Bitcoin,daily,2020022300,all-access,all-agents,6111
54,en.wikipedia,Bitcoin,daily,2020022400,all-access,all-agents,7149
55,en.wikipedia,Bitcoin,daily,2020022500,all-access,all-agents,6576
56,en.wikipedia,Bitcoin,daily,2020022600,all-access,all-agents,6459
57,en.wikipedia,Bitcoin,daily,2020022700,all-access,all-agents,6707
58,en.wikipedia,Bitcoin,daily,2020022800,all-access,all-agents,6434
59,en.wikipedia,Bitcoin,daily,2020022900,all-access,all-agents,5348
60,en.wikipedia,Bitcoin,daily,2020030100,all-access,all-agents,6902
61,en.wikipedia,Bitcoin,daily,2020030200,all-access,all-agents,6572
62,en.wikipedia,Bitcoin,daily,2020030300,all-access,all-agents,7543
63,en.wikipedia,Bitcoin,daily,2020030400,all-access,all-agents,7554
64,en.wikipedia,Bitcoin,daily,2020030500,all-access,all-agents,7666
65,en.wikipedia,Bitcoin,daily,2020030600,all-access,all-agents,6754
66,en.wikipedia,Bitcoin,daily,2020030700,all-access,all-agents,5541
67,en.wikipedia,Bitcoin,daily,2020030800,all-access,all-agents,5332
68,en.wikipedia,Bitcoin,daily,2020030900,all-access,all-agents,7397
69,en.wikipedia,Bitcoin,daily,2020031000,all-access,all-agents,7188
70,en.wikipedia,Bitcoin,daily,2020031100,all-access,all-agents,6614
71,en.wikipedia,Bitcoin,daily,2020031200,all-access,all-agents,8281
72,en.wikipedia,Bitcoin,daily,2020031300,all-access,all-agents,9562
73,en.wikipedia,Bitcoin,daily,2020031400,all-access,all-agents,6505
74,en.wikipedia,Bitcoin,daily,2020031500,all-access,all-agents,6228
75,en.wikipedia,Bitcoin,daily,2020031600,all-access,all-agents,7018
76,en.wikipedia,Bitcoin,daily,2020031700,all-access,all-agents,6889
77,en.wikipedia,Bitcoin,daily,2020031800,all-access,all-agents,6672
78,en.wikipedia,Bitcoin,daily,2020031900,all-access,all-agents,6983
79,en.wikipedia,Bitcoin,daily,2020032000,all-access,all-agents,6418
80,en.wikipedia,Bitcoin,daily,2020032100,all-access,all-agents,5856
81,en.wikipedia,Bitcoin,daily,2020032200,all-access,all-agents,5781
82,en.wikipedia,Bitcoin,daily,2020032300,all-access,all-agents,5902
83,en.wikipedia,Bitcoin,daily,2020032400,all-access,all-agents,6507
84,en.wikipedia,Bitcoin,daily,2020032500,all-access,all-agents,6777
85,en.wikipedia,Bitcoin,daily,2020032600,all-access,all-agents,6493
86,en.wikipedia,Bitcoin,daily,2020032700,all-access,all-agents,6331
87,en.wikipedia,Bitcoin,daily,2020032800,all-access,all-agents,5868
88,en.wikipedia,Bitcoin,daily,2020032900,all-access,all-agents,5861
89,en.wikipedia,Bitcoin,daily,2020033000,all-access,all-agents,6489
90,en.wikipedia,Bitcoin,daily,2020033100,all-access,all-agents,6428
91,en.wikipedia,Bitcoin,daily,2020040100,all-access,all-agents,8179
92,en.wikipedia,Bitcoin,daily,2020040200,all-access,all-agents,7492
93,en.wikipedia,Bitcoin,daily,2020040300,all-access,all-agents,8155
94,en.wikipedia,Bitcoin,daily,2020040400,all-access,all-agents,7223
95,en.wikipedia,Bitcoin,daily,2020040500,all-access,all-agents,6686
96,en.wikipedia,Bitcoin,daily,2020040600,all-access,all-agents,6912
97,en.wikipedia,Bitcoin,daily,2020040700,all-access,all-agents,7291
98,en.wikipedia,Bitcoin,daily,2020040800,all-access,all-agents,7040
99,en.wikipedia,Bitcoin,daily,2020040900,all-access,all-agents,6963
100,en.wikipedia,Bitcoin,daily,2020041000,all-access,all-agents,7025
101,en.wikipedia,Bitcoin,daily,2020041100,all-access,all-agents,7014
102,en.wikipedia,Bitcoin,daily,2020041200,all-access,all-agents,6944
103,en.wikipedia,Bitcoin,daily,2020041300,all-access,all-agents,7919
104,en.wikipedia,Bitcoin,daily,2020041400,all-access,all-agents,7586
105,en.wikipedia,Bitcoin,daily,2020041500,all-access,all-agents,7349
106,en.wikipedia,Bitcoin,daily,2020041600,all-access,all-agents,7570
107,en.wikipedia,Bitcoin,daily,2020041700,all-access,all-agents,8304
108,en.wikipedia,Bitcoin,daily,2020041800,all-access,all-agents,7660
109,en.wikipedia,Bitcoin,daily,2020041900,all-access,all-agents,7748
110,en.wikipedia,Bitcoin,daily,2020042000,all-access,all-agents,7923
111,en.wikipedia,Bitcoin,daily,2020042100,all-access,all-agents,8177
112,en.wikipedia,Bitcoin,daily,2020042200,all-access,all-agents,7908
113,en.wikipedia,Bitcoin,daily,2020042300,all-access,all-agents,8377
114,en.wikipedia,Bitcoin,daily,2020042400,all-access,all-agents,7954
115,en.wikipedia,Bitcoin,daily,2020042500,all-access,all-agents,7881
116,en.wikipedia,Bitcoin,daily,2020042600,all-access,all-agents,8763
117,en.wikipedia,Bitcoin,daily,2020042700,all-access,all-agents,9113
118,en.wikipedia,Bitcoin,daily,2020042800,all-access,all-agents,8978
119,en.wikipedia,Bitcoin,daily,2020042900,all-access,all-agents,9876
120,en.wikipedia,Bitcoin,daily,2020043000,all-access,all-agents,11380
121,en.wikipedia,Bitcoin,daily,2020050100,all-access,all-agents,9218
122,en.wikipedia,Bitcoin,daily,2020050200,all-access,all-agents,9155
123,en.wikipedia,Bitcoin,daily,2020050300,all-access,all-agents,8902
124,en.wikipedia,Bitcoin,daily,2020050400,all-access,all-agents,9190
125,en.wikipedia,Bitcoin,daily,2020050500,all-access,all-agents,9652
126,en.wikipedia,Bitcoin,daily,2020050600,all-access,all-agents,10397
127,en.wikipedia,Bitcoin,daily,2020050700,all-access,all-agents,9622
128,en.wikipedia,Bitcoin,daily,2020050800,all-access,all-agents,11682
129,en.wikipedia,Bitcoin,daily,2020050900,all-access,all-agents,8841
130,en.wikipedia,Bitcoin,daily,2020051000,all-access,all-agents,9887
131,en.wikipedia,Bitcoin,daily,2020051100,all-access,all-agents,12137
132,en.wikipedia,Bitcoin,daily,2020051200,all-access,all-agents,17241
133,en.wikipedia,Bitcoin,daily,2020051300,all-access,all-agents,9328
134,en.wikipedia,Bitcoin,daily,2020051400,all-access,all-agents,9072
135,en.wikipedia,Bitcoin,daily,2020051500,all-access,all-agents,8980
136,en.wikipedia,Bitcoin,daily,2020051600,all-access,all-agents,8432
137,en.wikipedia,Bitcoin,daily,2020051700,all-access,all-agents,8609
138,en.wikipedia,Bitcoin,daily,2020051800,all-access,all-agents,9317
139,en.wikipedia,Bitcoin,daily,2020051900,all-access,all-agents,8274
140,en.wikipedia,Bitcoin,daily,2020052000,all-access,all-agents,8888
141,en.wikipedia,Bitcoin,daily,2020052100,all-access,all-agents,8568
142,en.wikipedia,Bitcoin,daily,2020052200,all-access,all-agents,7566
143,en.wikipedia,Bitcoin,daily,2020052300,all-access,all-agents,7046
144,en.wikipedia,Bitcoin,daily,2020052400,all-access,all-agents,6879
145,en.wikipedia,Bitcoin,daily,2020052500,all-access,all-agents,7548
146,en.wikipedia,Bitcoin,daily,2020052600,all-access,all-agents,8218
147,en.wikipedia,Bitcoin,daily,2020052700,all-access,all-agents,7377
148,en.wikipedia,Bitcoin,daily,2020052800,all-access,all-agents,6751
149,en.wikipedia,Bitcoin,daily,2020052900,all-access,all-agents,7536
150,en.wikipedia,Bitcoin,daily,2020053000,all-access,all-agents,6458
151,en.wikipedia,Bitcoin,daily,2020053100,all-access,all-agents,6123
152,en.wikipedia,Bitcoin,daily,2020060100,all-access,all-agents,6294
153,en.wikipedia,Bitcoin,daily,2020060200,all-access,all-agents,7213
154,en.wikipedia,Bitcoin,daily,2020060300,all-access,all-agents,6680
155,en.wikipedia,Bitcoin,daily,2020060400,all-access,all-agents,6721
156,en.wikipedia,Bitcoin,daily,2020060500,all-access,all-agents,6924
157,en.wikipedia,Bitcoin,daily,2020060600,all-access,all-agents,5989
158,en.wikipedia,Bitcoin,daily,2020060700,all-access,all-agents,6859
159,en.wikipedia,Bitcoin,daily,2020060800,all-access,all-agents,7108
160,en.wikipedia,Bitcoin,daily,2020060900,all-access,all-agents,6859
161,en.wikipedia,Bitcoin,daily,2020061000,all-access,all-agents,7010
162,en.wikipedia,Bitcoin,daily,2020061100,all-access,all-agents,6831
163,en.wikipedia,Bitcoin,daily,2020061200,all-access,all-agents,6579
164,en.wikipedia,Bitcoin,daily,2020061300,all-access,all-agents,5793
165,en.wikipedia,Bitcoin,daily,2020061400,all-access,all-agents,5857
166,en.wikipedia,Bitcoin,daily,2020061500,all-access,all-agents,6219
167,en.wikipedia,Bitcoin,daily,2020061600,all-access,all-agents,5829
168,en.wikipedia,Bitcoin,daily,2020061700,all-access,all-agents,6120
169,en.wikipedia,Bitcoin,daily,2020061800,all-access,all-agents,6340
170,en.wikipedia,Bitcoin,daily,2020061900,all-access,all-agents,5849
171,en.wikipedia,Bitcoin,daily,2020062000,all-access,all-agents,5842
172,en.wikipedia,Bitcoin,daily,2020062100,all-access,all-agents,5773
173,en.wikipedia,Bitcoin,daily,2020062200,all-access,all-agents,6467
174,en.wikipedia,Bitcoin,daily,2020062300,all-access,all-agents,6693
175,en.wikipedia,Bitcoin,daily,2020062400,all-access,all-agents,5974
176,en.wikipedia,Bitcoin,daily,2020062500,all-access,all-agents,5841
177,en.wikipedia,Bitcoin,daily,2020062600,all-access,all-agents,6051
178,en.wikipedia,Bitcoin,daily,2020062700,all-access,all-agents,5447
179,en.wikipedia,Bitcoin,daily,2020062800,all-access,all-agents,5774
180,en.wikipedia,Bitcoin,daily,2020062900,all-access,all-agents,5786
181,en.wikipedia,Bitcoin,daily,2020063000,all-access,all-agents,6301
182,en.wikipedia,Bitcoin,daily,2020070100,all-access,all-agents,6932
183,en.wikipedia,Bitcoin,daily,2020070200,all-access,all-agents,5969
184,en.wikipedia,Bitcoin,daily,2020070300,all-access,all-agents,5866
185,en.wikipedia,Bitcoin,daily,2020070400,all-access,all-agents,5377
186,en.wikipedia,Bitcoin,daily,2020070500,all-access,all-agents,5292
187,en.wikipedia,Bitcoin,daily,2020070600,all-access,all-agents,5978
188,en.wikipedia,Bitcoin,daily,2020070700,all-access,all-agents,6579
189,en.wikipedia,Bitcoin,daily,2020070800,all-access,all-agents,6785
190,en.wikipedia,Bitcoin,daily,2020070900,all-access,all-agents,6907
191,en.wikipedia,Bitcoin,daily,2020071000,all-access,all-agents,6304
192,en.wikipedia,Bitcoin,daily,2020071100,all-access,all-agents,5994
193,en.wikipedia,Bitcoin,daily,2020071200,all-access,all-agents,7269
194,en.wikipedia,Bitcoin,daily,2020071300,all-access,all-agents,8150
195,en.wikipedia,Bitcoin,daily,2020071400,all-access,all-agents,10336
196,en.wikipedia,Bitcoin,daily,2020071500,all-access,all-agents,12225
197,en.wikipedia,Bitcoin,daily,2020071600,all-access,all-agents,16964
198,en.wikipedia,Bitcoin,daily,2020071700,all-access,all-agents,17078
199,en.wikipedia,Bitcoin,daily,2020071800,all-access,all-agents,13425
200,en.wikipedia,Bitcoin,daily,2020071900,all-access,all-agents,13702
201,en.wikipedia,Bitcoin,daily,2020072000,all-access,all-agents,13855
202,en.wikipedia,Bitcoin,daily,2020072100,all-access,all-agents,14370
203,en.wikipedia,Bitcoin,daily,2020072200,all-access,all-agents,19095
204,en.wikipedia,Bitcoin,daily,2020072300,all-access,all-agents,22765
205,en.wikipedia,Bitcoin,daily,2020072400,all-access,all-agents,11893
206,en.wikipedia,Bitcoin,daily,2020072500,all-access,all-agents,13391
207,en.wikipedia,Bitcoin,daily,2020072600,all-access,all-agents,13741
208,en.wikipedia,Bitcoin,daily,2020072700,all-access,all-agents,17750
209,en.wikipedia,Bitcoin,daily,2020072800,all-access,all-agents,18046
210,en.wikipedia,Bitcoin,daily,2020072900,all-access,all-agents,14763
211,en.wikipedia,Bitcoin,daily,2020073000,all-access,all-agents,26990
212,en.wikipedia,Bitcoin,daily,2020073100,all-access,all-agents,12600
213,en.wikipedia,Bitcoin,daily,2020080100,all-access,all-agents,13248
214,en.wikipedia,Bitcoin,daily,2020080200,all-access,all-agents,13353
215,en.wikipedia,Bitcoin,daily,2020080300,all-access,all-agents,13660
216,en.wikipedia,Bitcoin,daily,2020080400,all-access,all-agents,15395
217,en.wikipedia,Bitcoin,daily,2020080500,all-access,all-agents,28791
218,en.wikipedia,Bitcoin,daily,2020080600,all-access,all-agents,12592
219,en.wikipedia,Bitcoin,daily,2020080700,all-access,all-agents,11651
220,en.wikipedia,Bitcoin,daily,2020080800,all-access,all-agents,11690
221,en.wikipedia,Bitcoin,daily,2020080900,all-access,all-agents,11631
222,en.wikipedia,Bitcoin,daily,2020081000,all-access,all-agents,14518
223,en.wikipedia,Bitcoin,daily,2020081100,all-access,all-agents,19020
224,en.wikipedia,Bitcoin,daily,2020081200,all-access,all-agents,7876
225,en.wikipedia,Bitcoin,daily,2020081300,all-access,all-agents,10887
226,en.wikipedia,Bitcoin,daily,2020081400,all-access,all-agents,9255
227,en.wikipedia,Bitcoin,daily,2020081500,all-access,all-agents,11138
228,en.wikipedia,Bitcoin,daily,2020081600,all-access,all-agents,25458
229,en.wikipedia,Bitcoin,daily,2020081700,all-access,all-agents,17640
230,en.wikipedia,Bitcoin,daily,2020081800,all-access,all-agents,8281
231,en.wikipedia,Bitcoin,daily,2020081900,all-access,all-agents,8295
232,en.wikipedia,Bitcoin,daily,2020082000,all-access,all-agents,9695
233,en.wikipedia,Bitcoin,daily,2020082100,all-access,all-agents,15514
234,en.wikipedia,Bitcoin,daily,2020082200,all-access,all-agents,7763
235,en.wikipedia,Bitcoin,daily,2020082300,all-access,all-agents,14765
236,en.wikipedia,Bitcoin,daily,2020082400,all-access,all-agents,8083
237,en.wikipedia,Bitcoin,daily,2020082500,all-access,all-agents,11592
238,en.wikipedia,Bitcoin,daily,2020082600,all-access,all-agents,8517
239,en.wikipedia,Bitcoin,daily,2020082700,all-access,all-agents,16138
240,en.wikipedia,Bitcoin,daily,2020082800,all-access,all-agents,8093
241,en.wikipedia,Bitcoin,daily,2020082900,all-access,all-agents,6712
242,en.wikipedia,Bitcoin,daily,2020083000,all-access,all-agents,6355
243,en.wikipedia,Bitcoin,daily,2020083100,all-access,all-agents,14344
244,en.wikipedia,Bitcoin,daily,2020090100,all-access,all-agents,7559
245,en.wikipedia,Bitcoin,daily,2020090200,all-access,all-agents,8578
246,en.wikipedia,Bitcoin,daily,2020090300,all-access,all-agents,8456
247,en.wikipedia,Bitcoin,daily,2020090400,all-access,all-agents,7569
248,en.wikipedia,Bitcoin,daily,2020090500,all-access,all-agents,6546
249,en.wikipedia,Bitcoin,daily,2020090600,all-access,all-agents,13428
250,en.wikipedia,Bitcoin,daily,2020090700,all-access,all-agents,9377
251,en.wikipedia,Bitcoin,daily,2020090800,all-access,all-agents,13005
252,en.wikipedia,Bitcoin,daily,2020090900,all-access,all-agents,9108
253,en.wikipedia,Bitcoin,daily,2020091000,all-access,all-agents,11849
254,en.wikipedia,Bitcoin,daily,2020091100,all-access,all-agents,17333
255,en.wikipedia,Bitcoin,daily,2020091200,all-access,all-agents,10528
256,en.wikipedia,Bitcoin,daily,2020091300,all-access,all-agents,11313
257,en.wikipedia,Bitcoin,daily,2020091400,all-access,all-agents,11619
258,en.wikipedia,Bitcoin,daily,2020091500,all-access,all-agents,12835
259,en.wikipedia,Bitcoin,daily,2020091600,all-access,all-agents,10430
260,en.wikipedia,Bitcoin,daily,2020091700,all-access,all-agents,7969
261,en.wikipedia,Bitcoin,daily,2020091800,all-access,all-agents,9750
262,en.wikipedia,Bitcoin,daily,2020091900,all-access,all-agents,9085
263,en.wikipedia,Bitcoin,daily,2020092000,all-access,all-agents,9280
264,en.wikipedia,Bitcoin,daily,2020092100,all-access,all-agents,7271
265,en.wikipedia,Bitcoin,daily,2020092200,all-access,all-agents,6860
266,en.wikipedia,Bitcoin,daily,2020092300,all-access,all-agents,11125
267,en.wikipedia,Bitcoin,daily,2020092400,all-access,all-agents,6561
268,en.wikipedia,Bitcoin,daily,2020092500,all-access,all-agents,7189
269,en.wikipedia,Bitcoin,daily,2020092600,all-access,all-agents,7026
270,en.wikipedia,Bitcoin,daily,2020092700,all-access,all-agents,6598
271,en.wikipedia,Bitcoin,daily,2020092800,all-access,all-agents,11676
272,en.wikipedia,Bitcoin,daily,2020092900,all-access,all-agents,8401
273,en.wikipedia,Bitcoin,daily,2020093000,all-access,all-agents,8170
274,en.wikipedia,Bitcoin,daily,2020100100,all-access,all-agents,9502
275,en.wikipedia,Bitcoin,daily,2020100200,all-access,all-agents,5670
276,en.wikipedia,Bitcoin,daily,2020100300,all-access,all-agents,6717
277,en.wikipedia,Bitcoin,daily,2020100400,all-access,all-agents,5612
278,en.wikipedia,Bitcoin,daily,2020100500,all-access,all-agents,7821
279,en.wikipedia,Bitcoin,daily,2020100600,all-access,all-agents,7376
280,en.wikipedia,Bitcoin,daily,2020100700,all-access,all-agents,7584
281,en.wikipedia,Bitcoin,daily,2020100800,all-access,all-agents,7652
282,en.wikipedia,Bitcoin,daily,2020100900,all-access,all-agents,7932
283,en.wikipedia,Bitcoin,daily,2020101000,all-access,all-agents,10673
284,en.wikipedia,Bitcoin,daily,2020101100,all-access,all-agents,8588
285,en.wikipedia,Bitcoin,daily,2020101200,all-access,all-agents,10884
286,en.wikipedia,Bitcoin,daily,2020101300,all-access,all-agents,10722
287,en.wikipedia,Bitcoin,daily,2020101400,all-access,all-agents,7511
288,en.wikipedia,Bitcoin,daily,2020101500,all-access,all-agents,10117
289,en.wikipedia,Bitcoin,daily,2020101600,all-access,all-agents,9261
290,en.wikipedia,Bitcoin,daily,2020101700,all-access,all-agents,28224
291,en.wikipedia,Bitcoin,daily,2020101800,all-access,all-agents,6860
292,en.wikipedia,Bitcoin,daily,2020101900,all-access,all-agents,10637
293,en.wikipedia,Bitcoin,daily,2020102000,all-access,all-agents,11878
294,en.wikipedia,Bitcoin,daily,2020102100,all-access,all-agents,10608
295,en.wikipedia,Bitcoin,daily,2020102200,all-access,all-agents,11252
296,en.wikipedia,Bitcoin,daily,2020102300,all-access,all-agents,13494
297,en.wikipedia,Bitcoin,daily,2020102400,all-access,all-agents,19937
298,en.wikipedia,Bitcoin,daily,2020102500,all-access,all-agents,8772
299,en.wikipedia,Bitcoin,daily,2020102600,all-access,all-agents,9594
300,en.wikipedia,Bitcoin,daily,2020102700,all-access,all-agents,8752
301,en.wikipedia,Bitcoin,daily,2020102800,all-access,all-agents,8566
302,en.wikipedia,Bitcoin,daily,2020102900,all-access,all-agents,7285
303,en.wikipedia,Bitcoin,daily,2020103000,all-access,all-agents,10028
304,en.wikipedia,Bitcoin,daily,2020103100,all-access,all-agents,9982
305,en.wikipedia,Bitcoin,daily,2020110100,all-access,all-agents,8993
306,en.wikipedia,Bitcoin,daily,2020110200,all-access,all-agents,9019
307,en.wikipedia,Bitcoin,daily,2020110300,all-access,all-agents,9501
308,en.wikipedia,Bitcoin,daily,2020110400,all-access,all-agents,8224
309,en.wikipedia,Bitcoin,daily,2020110500,all-access,all-agents,10395
310,en.wikipedia,Bitcoin,daily,2020110600,all-access,all-agents,11423
311,en.wikipedia,Bitcoin,daily,2020110700,all-access,all-agents,9263
312,en.wikipedia,Bitcoin,daily,2020110800,all-access,all-agents,7229
313,en.wikipedia,Bitcoin,daily,2020110900,all-access,all-agents,9298
314,en.wikipedia,Bitcoin,daily,2020111000,all-access,all-agents,8692
315,en.wikipedia,Bitcoin,daily,2020111100,all-access,all-agents,9380
316,en.wikipedia,Bitcoin,daily,2020111200,all-access,all-agents,10044
317,en.wikipedia,Bitcoin,daily,2020111300,all-access,all-agents,10926
318,en.wikipedia,Bitcoin,daily,2020111400,all-access,all-agents,9428
319,en.wikipedia,Bitcoin,daily,2020111500,all-access,all-agents,9276
320,en.wikipedia,Bitcoin,daily,2020111600,all-access,all-agents,10425
321,en.wikipedia,Bitcoin,daily,2020111700,all-access,all-agents,17191
322,en.wikipedia,Bitcoin,daily,2020111800,all-access,all-agents,19164
323,en.wikipedia,Bitcoin,daily,2020111900,all-access,all-agents,17667
324,en.wikipedia,Bitcoin,daily,2020112000,all-access,all-agents,18066
325,en.wikipedia,Bitcoin,daily,2020112100,all-access,all-agents,18333
326,en.wikipedia,Bitcoin,daily,2020112200,all-access,all-agents,17692
327,en.wikipedia,Bitcoin,daily,2020112300,all-access,all-agents,19127
328,en.wikipedia,Bitcoin,daily,2020112400,all-access,all-agents,14116
329,en.wikipedia,Bitcoin,daily,2020112500,all-access,all-agents,12449
330,en.wikipedia,Bitcoin,daily,2020112600,all-access,all-agents,13510
331,en.wikipedia,Bitcoin,daily,2020112700,all-access,all-agents,12069
332,en.wikipedia,Bitcoin,daily,2020112800,all-access,all-agents,9834
333,en.wikipedia,Bitcoin,daily,2020112900,all-access,all-agents,9760
334,en.wikipedia,Bitcoin,daily,2020113000,all-access,all-agents,14326
335,en.wikipedia,Bitcoin,daily,2020120100,all-access,all-agents,15703
336,en.wikipedia,Bitcoin,daily,2020120200,all-access,all-agents,12413
337,en.wikipedia,Bitcoin,daily,2020120300,all-access,all-agents,12568
338,en.wikipedia,Bitcoin,daily,2020120400,all-access,all-agents,11886
339,en.wikipedia,Bitcoin,daily,2020120500,all-access,all-agents,10797
340,en.wikipedia,Bitcoin,daily,2020120600,all-access,all-agents,10989
341,en.wikipedia,Bitcoin,daily,2020120700,all-access,all-agents,11279
342,en.wikipedia,Bitcoin,daily,2020120800,all-access,all-agents,10711
343,en.wikipedia,Bitcoin,daily,2020120900,all-access,all-agents,10818
344,en.wikipedia,Bitcoin,daily,2020121000,all-access,all-agents,12504
345,en.wikipedia,Bitcoin,daily,2020121100,all-access,all-agents,17353
346,en.wikipedia,Bitcoin,daily,2020121200,all-access,all-agents,12187
347,en.wikipedia,Bitcoin,daily,2020121300,all-access,all-agents,11480
348,en.wikipedia,Bitcoin,daily,2020121400,all-access,all-agents,9489
349,en.wikipedia,Bitcoin,daily,2020121500,all-access,all-agents,9097
350,en.wikipedia,Bitcoin,daily,2020121600,all-access,all-agents,18098
351,en.wikipedia,Bitcoin,daily,2020121700,all-access,all-agents,30659
352,en.wikipedia,Bitcoin,daily,2020121800,all-access,all-agents,21784
353,en.wikipedia,Bitcoin,daily,2020121900,all-access,all-agents,15795
354,en.wikipedia,Bitcoin,daily,2020122000,all-access,all-agents,15790
355,en.wikipedia,Bitcoin,daily,2020122100,all-access,all-agents,19601
356,en.wikipedia,Bitcoin,daily,2020122200,all-access,all-agents,18812
357,en.wikipedia,Bitcoin,daily,2020122300,all-access,all-agents,13206
358,en.wikipedia,Bitcoin,daily,2020122400,all-access,all-agents,10785
359,en.wikipedia,Bitcoin,daily,2020122500,all-access,all-agents,10212
360,en.wikipedia,Bitcoin,daily,2020122600,all-access,all-agents,14878
361,en.wikipedia,Bitcoin,daily,2020122700,all-access,all-agents,20470
362,en.wikipedia,Bitcoin,daily,2020122800,all-access,all-agents,20215
363,en.wikipedia,Bitcoin,daily,2020122900,all-access,all-agents,19226
364,en.wikipedia,Bitcoin,daily,2020123000,all-access,all-agents,20765
365,en.wikipedia,Bitcoin,daily,2020123100,all-access,all-agents,17291
366,en.wikipedia,Bitcoin,daily,2021010100,all-access,all-agents,14769
367,en.wikipedia,Bitcoin,daily,2021010200,all-access,all-agents,31342
368,en.wikipedia,Bitcoin,daily,2021010300,all-access,all-agents,45570
369,en.wikipedia,Bitcoin,daily,2021010400,all-access,all-agents,35715
370,en.wikipedia,Bitcoin,daily,2021010500,all-access,all-agents,31211
371,en.wikipedia,Bitcoin,daily,2021010600,all-access,all-agents,31277
372,en.wikipedia,Bitcoin,daily,2021010700,all-access,all-agents,38824
373,en.wikipedia,Bitcoin,daily,2021010800,all-access,all-agents,41323
374,en.wikipedia,Bitcoin,daily,2021010900,all-access,all-agents,32684
375,en.wikipedia,Bitcoin,daily,2021011000,all-access,all-agents,30354
376,en.wikipedia,Bitcoin,daily,2021011100,all-access,all-agents,39161
377,en.wikipedia,Bitcoin,daily,2021011200,all-access,all-agents,35561
378,en.wikipedia,Bitcoin,daily,2021011300,all-access,all-agents,36200
379,en.wikipedia,Bitcoin,daily,2021011400,all-access,all-agents,39336
380,en.wikipedia,Bitcoin,daily,2021011500,all-access,all-agents,34543
381,en.wikipedia,Bitcoin,daily,2021011600,all-access,all-agents,29937
382,en.wikipedia,Bitcoin,daily,2021011700,all-access,all-agents,26937
383,en.wikipedia,Bitcoin,daily,2021011800,all-access,all-agents,22886
384,en.wikipedia,Bitcoin,daily,2021011900,all-access,all-agents,22511
385,en.wikipedia,Bitcoin,daily,2021012000,all-access,all-agents,18511
386,en.wikipedia,Bitcoin,daily,2021012100,all-access,all-agents,20415
387,en.wikipedia,Bitcoin,daily,2021012200,all-access,all-agents,23452
388,en.wikipedia,Bitcoin,daily,2021012300,all-access,all-agents,18124
389,en.wikipedia,Bitcoin,daily,2021012400,all-access,all-agents,16868
390,en.wikipedia,Bitcoin,daily,2021012500,all-access,all-agents,18589
391,en.wikipedia,Bitcoin,daily,2021012600,all-access,all-agents,16840
392,en.wikipedia,Bitcoin,daily,2021012700,all-access,all-agents,17658
393,en.wikipedia,Bitcoin,daily,2021012800,all-access,all-agents,21374
394,en.wikipedia,Bitcoin,daily,2021012900,all-access,all-agents,37777
395,en.wikipedia,Bitcoin,daily,2021013000,all-access,all-agents,28302
396,en.wikipedia,Bitcoin,daily,2021013100,all-access,all-agents,23922
397,en.wikipedia,Bitcoin,daily,2021020100,all-access,all-agents,22522
398,en.wikipedia,Bitcoin,daily,2021020200,all-access,all-agents,21140
399,en.wikipedia,Bitcoin,daily,2021020300,all-access,all-agents,21409
400,en.wikipedia,Bitcoin,daily,2021020400,all-access,all-agents,22911
401,en.wikipedia,Bitcoin,daily,2021020500,all-access,all-agents,20365
402,en.wikipedia,Bitcoin,daily,2021020600,all-access,all-agents,21211
403,en.wikipedia,Bitcoin,daily,2021020700,all-access,all-agents,21301
404,en.wikipedia,Bitcoin,daily,2021020800,all-access,all-agents,52147
405,en.wikipedia,Bitcoin,daily,2021020900,all-access,all-agents,63691
406,en.wikipedia,Bitcoin,daily,2021021000,all-access,all-agents,44938
407,en.wikipedia,Bitcoin,daily,2021021100,all-access,all-agents,40053
408,en.wikipedia,Bitcoin,daily,2021021200,all-access,all-agents,35509
409,en.wikipedia,Bitcoin,daily,2021021300,all-access,all-agents,30374
410,en.wikipedia,Bitcoin,daily,2021021400,all-access,all-agents,29969
411,en.wikipedia,Bitcoin,daily,2021021500,all-access,all-agents,32253
412,en.wikipedia,Bitcoin,daily,2021021600,all-access,all-agents,39196
413,en.wikipedia,Bitcoin,daily,2021021700,all-access,all-agents,39615
414,en.wikipedia,Bitcoin,daily,2021021800,all-access,all-agents,34127
415,en.wikipedia,Bitcoin,daily,2021021900,all-access,all-agents,37709
416,en.wikipedia,Bitcoin,daily,2021022000,all-access,all-agents,42413
417,en.wikipedia,Bitcoin,daily,2021022100,all-access,all-agents,37726
418,en.wikipedia,Bitcoin,daily,2021022200,all-access,all-agents,38688
419,en.wikipedia,Bitcoin,daily,2021022300,all-access,all-agents,39086
420,en.wikipedia,Bitcoin,daily,2021022400,all-access,all-agents,34430
421,en.wikipedia,Bitcoin,daily,2021022500,all-access,all-agents,29078
422,en.wikipedia,Bitcoin,daily,2021022600,all-access,all-agents,28172
423,en.wikipedia,Bitcoin,daily,2021022700,all-access,all-agents,26804
424,en.wikipedia,Bitcoin,daily,2021022800,all-access,all-agents,26728
425,en.wikipedia,Bitcoin,daily,2021030100,all-access,all-agents,26209
426,en.wikipedia,Bitcoin,daily,2021030200,all-access,all-agents,23099
427,en.wikipedia,Bitcoin,daily,2021030300,all-access,all-agents,21178
428,en.wikipedia,Bitcoin,daily,2021030400,all-access,all-agents,20273
429,en.wikipedia,Bitcoin,daily,2021030500,all-access,all-agents,23968
430,en.wikipedia,Bitcoin,daily,2021030600,all-access,all-agents,20644
431,en.wikipedia,Bitcoin,daily,2021030700,all-access,all-agents,19495
432,en.wikipedia,Bitcoin,daily,2021030800,all-access,all-agents,20180
433,en.wikipedia,Bitcoin,daily,2021030900,all-access,all-agents,22159
434,en.wikipedia,Bitcoin,daily,2021031000,all-access,all-agents,21564
435,en.wikipedia,Bitcoin,daily,2021031100,all-access,all-agents,20134
436,en.wikipedia,Bitcoin,daily,2021031200,all-access,all-agents,20523
437,en.wikipedia,Bitcoin,daily,2021031300,all-access,all-agents,23537
438,en.wikipedia,Bitcoin,daily,2021031400,all-access,all-agents,28552
439,en.wikipedia,Bitcoin,daily,2021031500,all-access,all-agents,25319
440,en.wikipedia,Bitcoin,daily,2021031600,all-access,all-agents,22490
441,en.wikipedia,Bitcoin,daily,2021031700,all-access,all-agents,20265
442,en.wikipedia,Bitcoin,daily,2021031800,all-access,all-agents,20216
443,en.wikipedia,Bitcoin,daily,2021031900,all-access,all-agents,18465
444,en.wikipedia,Bitcoin,daily,2021032000,all-access,all-agents,15983
445,en.wikipedia,Bitcoin,daily,2021032100,all-access,all-agents,15402
446,en.wikipedia,Bitcoin,daily,2021032200,all-access,all-agents,16910
447,en.wikipedia,Bitcoin,daily,2021032300,all-access,all-agents,17107
448,en.wikipedia,Bitcoin,daily,2021032400,all-access,all-agents,23756
449,en.wikipedia,Bitcoin,daily,2021032500,all-access,all-agents,20848
450,en.wikipedia,Bitcoin,daily,2021032600,all-access,all-agents,17157
451,en.wikipedia,Bitcoin,daily,2021032700,all-access,all-agents,19446
452,en.wikipedia,Bitcoin,daily,2021032800,all-access,all-agents,22469
453,en.wikipedia,Bitcoin,daily,2021032900,all-access,all-agents,22410
454,en.wikipedia,Bitcoin,daily,2021033000,all-access,all-agents,20677
455,en.wikipedia,Bitcoin,daily,2021033100,all-access,all-agents,18699
456,en.wikipedia,Bitcoin,daily,2021040100,all-access,all-agents,25512
457,en.wikipedia,Bitcoin,daily,2021040200,all-access,all-agents,18312
458,en.wikipedia,Bitcoin,daily,2021040300,all-access,all-agents,16802
459,en.wikipedia,Bitcoin,daily,2021040400,all-access,all-agents,15150
460,en.wikipedia,Bitcoin,daily,2021040500,all-access,all-agents,17115
461,en.wikipedia,Bitcoin,daily,2021040600,all-access,all-agents,18490
462,en.wikipedia,Bitcoin,daily,2021040700,all-access,all-agents,17523
463,en.wikipedia,Bitcoin,daily,2021040800,all-access,all-agents,18200
464,en.wikipedia,Bitcoin,daily,2021040900,all-access,all-agents,16809
465,en.wikipedia,Bitcoin,daily,2021041000,all-access,all-agents,16747
466,en.wikipedia,Bitcoin,daily,2021041100,all-access,all-agents,17795
467,en.wikipedia,Bitcoin,daily,2021041200,all-access,all-agents,17856
468,en.wikipedia,Bitcoin,daily,2021041300,all-access,all-agents,21536
469,en.wikipedia,Bitcoin,daily,2021041400,all-access,all-agents,26606
470,en.wikipedia,Bitcoin,daily,2021041500,all-access,all-agents,25913
471,en.wikipedia,Bitcoin,daily,2021041600,all-access,all-agents,28555
472,en.wikipedia,Bitcoin,daily,2021041700,all-access,all-agents,23061
473,en.wikipedia,Bitcoin,daily,2021041800,all-access,all-agents,25699
474,en.wikipedia,Bitcoin,daily,2021041900,all-access,all-agents,26883
475,en.wikipedia,Bitcoin,daily,2021042000,all-access,all-agents,22715
476,en.wikipedia,Bitcoin,daily,2021042100,all-access,all-agents,20134
477,en.wikipedia,Bitcoin,daily,2021042200,all-access,all-agents,21972
478,en.wikipedia,Bitcoin,daily,2021042300,all-access,all-agents,23793
479,en.wikipedia,Bitcoin,daily,2021042400,all-access,all-agents,19143
480,en.wikipedia,Bitcoin,daily,2021042500,all-access,all-agents,17602
481,en.wikipedia,Bitcoin,daily,2021042600,all-access,all-agents,21080
482,en.wikipedia,Bitcoin,daily,2021042700,all-access,all-agents,26810
483,en.wikipedia,Bitcoin,daily,2021042800,all-access,all-agents,35977
484,en.wikipedia,Bitcoin,daily,2021042900,all-access,all-agents,24749
485,en.wikipedia,Bitcoin,daily,2021043000,all-access,all-agents,23919
486,en.wikipedia,Bitcoin,daily,2021050100,all-access,all-agents,19479
487,en.wikipedia,Bitcoin,daily,2021050200,all-access,all-agents,21091
488,en.wikipedia,Bitcoin,daily,2021050300,all-access,all-agents,23562
489,en.wikipedia,Bitcoin,daily,2021050400,all-access,all-agents,23263
490,en.wikipedia,Bitcoin,daily,2021050500,all-access,all-agents,25216
491,en.wikipedia,Bitcoin,daily,2021050600,all-access,all-agents,26150
492,en.wikipedia,Bitcoin,daily,2021050700,all-access,all-agents,25336
493,en.wikipedia,Bitcoin,daily,2021050800,all-access,all-agents,26560
494,en.wikipedia,Bitcoin,daily,2021050900,all-access,all-agents,29371
495,en.wikipedia,Bitcoin,daily,2021051000,all-access,all-agents,30031
496,en.wikipedia,Bitcoin,daily,2021051100,all-access,all-agents,26221
497,en.wikipedia,Bitcoin,daily,2021051200,all-access,all-agents,26433
498,en.wikipedia,Bitcoin,daily,2021051300,all-access,all-agents,65747
499,en.wikipedia,Bitcoin,daily,2021051400,all-access,all-agents,41881
500,en.wikipedia,Bitcoin,daily,2021051500,all-access,all-agents,31574
501,en.wikipedia,Bitcoin,daily,2021051600,all-access,all-agents,30452
502,en.wikipedia,Bitcoin,daily,2021051700,all-access,all-agents,33905
503,en.wikipedia,Bitcoin,daily,2021051800,all-access,all-agents,28420
504,en.wikipedia,Bitcoin,daily,2021051900,all-access,all-agents,49417
505,en.wikipedia,Bitcoin,daily,2021052000,all-access,all-agents,46983
506,en.wikipedia,Bitcoin,daily,2021052100,all-access,all-agents,38338
507,en.wikipedia,Bitcoin,daily,2021052200,all-access,all-agents,39086
508,en.wikipedia,Bitcoin,daily,2021052300,all-access,all-agents,37121
509,en.wikipedia,Bitcoin,daily,2021052400,all-access,all-agents,35684
510,en.wikipedia,Bitcoin,daily,2021052500,all-access,all-agents,44389
511,en.wikipedia,Bitcoin,daily,2021052600,all-access,all-agents,31411
